1,Marguerite Stevens,48
2,Julien Woods,48
3,Aubrey Duran,38
4,Anam Petersen,21
5,Sofija Whitmore,29
6,Pawel Le,21
7,Adem Frederick,26
8,Mae Glenn,38
9,Umaima Mooney,25
10,Zohaib O'Neill,55
11,Kody Butler,21
12,Lauryn Humphreys,60
13,Tayyib Byers,78
14,Heena Martins,39
15,India Tran,42
16,Kaydan Cannon,43
17,Chantelle Thomson,73
18,Rose Jeffery,71
19,Sila Pace,23
20,Jazmine Rahman,68
21,Ida Rennie,39
22,Leoni Roche,31
23,Reginald Metcalfe,42
24,Lorelei Hall,27
25,Emilis Milner,40
26,Onur Chung,24
27,Mamie Allison,31
28,Salim Cooper,80
29,Amin East,49
30,Cerys Andrew,31
31,Dylon Choi,74
32,Peyton Buchanan,70
33,Tymoteusz Peck,26
34,Uwais Jacobson,79
35,Elissa Kramer,62
36,Jakob Mcgill,50
37,Kayley Wilks,27
38,Ayesha Blevins,29
39,Leilani Coffey,39
40,Dawid Amos,71
41,Keira Mcdougall,47
42,Junior Gallegos,28
43,Vienna Crouch,79
44,Habiba Hoffman,69
45,Roza Vargas,33
46,Shereen Archer,75
47,Joyce Moyer,37
48,Adnan Maynard,58
49,Kaif Grant,50
50,Jamil Enriquez,42
51,Laibah Martinez,80
52,Iestyn Mccarty,34
53,Rukhsar Field,55
54,Devonte Mercer,36
55,Katelyn O'Connor,63
56,Cleveland Findlay,79
57,Erika Thatcher,76
58,Haseeb Soto,74
59,Ellise Hardy,60
60,Nansi Ferry,65
61,Keon Schaefer,69
62,Kylie Mclean,68
63,Keiron Sutherland,78
64,Joni Flower,45
65,Olivia-Grace Hastings,31
66,Nojus Burks,23
67,Brenda Heaton,55
68,Cindy Ashton,27
69,Sabiha Reyes,21
70,Kerrie Banks,65
71,Charles Ryder,54
72,Kaelan Brewer,30
73,Isla-Rose Dixon,38
74,Nico Dotson,72
75,Mack Gough,45
76,Michael Kearns,21
77,Alanah Dillon,45
78,Hashir Yang,42
79,Adelle Carter,37
80,Corinne Cuevas,22
81,Saffa Cochran,27
82,Sneha Welsh,22
83,Jodi Norris,46
84,Winnie Krause,23
85,Hermione Whittaker,37
86,Anas Webb,54
87,Tyreece Franco,31
88,Poppy-Mae Blackwell,44
89,Addie Cummings,59
90,Maisie Case,43
91,Jamie-Leigh Gonzales,21
92,Thomas Mccann,77
93,Dianne Whitworth,20
94,Pauline Wall,72
95,Shamima Guthrie,61
96,Carlie Brookes,27
97,Sion Legge,48
98,Bernard Hassan,40
99,Naseem Velez,33
100,Melanie Stephenson,29
101,Hibba Nieves,55
102,Anisa Smith,23
103,Donald Amos,79
104,Guy Noble,77
105,Aqsa Head,41
106,Izabel Betts,45
107,Poppy-Mae Roberts,51
108,Makenzie Cowan,67
109,Fiza Lu,80
110,Emmeline Mora,22
111,Earl Potter,79
112,Samah Ford,79
113,Aimie Burch,64
114,Abigail Winter,27
115,Avi Hunt,52
116,Millie Cruz,54
117,Aroush Mullen,38
118,Sabrina Hale,78
119,Niam Walls,25
120,Anne Malone,43
121,Christy Lawrence,56
122,Lance Sharples,56
123,Esme-Rose Little,68
124,Shivam Mercado,72
125,Matthew Barrera,58
126,Jade Oakley,52
127,Carley Berger,49
128,Lindsey Cunningham,71
129,Shaun Chen,78
130,Olaf Nelson,61
131,Elaine Ferry,80
132,Elif Field,47
133,Maariya Mackay,26
134,Jerome Manning,58
135,Dixie Cardenas,29
136,Nabiha Espinoza,73
137,Pia Ellis,26
138,Malia Bonilla,61
139,Iestyn Mosley,63
140,Jodi Flores,69
141,Lola-Rose Atkinson,68
142,Sami Spencer,25
143,Maximus Allen,38
144,Sonnie Mcdaniel,40
145,Charles Casey,66
146,Jeffrey Alvarado,36
147,Radhika Bannister,49
148,Rohan Oneil,42
149,Milla Coffey,21
150,Michael Jones,45
151,Siddharth Wills,57
152,Antonina Berg,79
153,Jose England,78
154,Kellan Storey,52
155,Leopold Nichols,44
156,Kaycee Wilkins,53
157,Lleyton Charles,64
158,Tori Blake,43
159,Vladimir Wade,42
160,Fionn Barton,47
161,Louisa Carver,69
162,Amira Alvarez,54
163,Momina Keller,54
164,Stan Olson,65
165,Jamal Ortega,66
166,Nial Ventura,59
167,Yvie Pittman,65
168,Barbara Lucero,58
169,Addie Walker,50
170,Chad Marks,54
171,Lacey-Mai Neale,56
172,Maciej Mccray,26
173,Kacie Singleton,50
174,Krista Friedman,59
175,Helena Worthington,67
176,Neel Legge,20
177,Amani Forster,26
178,Ariana Burt,69
179,Hunter Mcknight,33
180,Arandeep Irving,77
181,Kayden Andrews,41
182,Catherine Lugo,61
183,Ingrid Hammond,33
184,Zunairah Austin,24
185,Abbie Wang,24
186,Levi Fischer,71
187,Alexia Dunne,34
188,Anushka Whitworth,33
189,Benedict Lindsey,55
190,Nana Ratliff,55
191,Milosz Adamson,61
192,Zainab Vega,30
193,Elsie-Rose Brook,49
194,Nathanael North,73
195,Caio Mair,30
196,Lawson Pierce,43
197,Ayana Durham,25
198,Rojin Hart,51
199,Roger Norton,25
200,Alba Stacey,45
201,Elicia Charlton,40
202,Kristen Archer,61
203,Lubna Howarth,63
204,Morris Morrison,20
205,Layla Marks,46
206,Eathan Melia,30
207,Scott Leach,71
208,Thierry Guzman,74
209,Etta Maguire,46
210,Leah Sears,48
211,Mia Fuentes,70
212,Jethro Riley,24
213,Andrei Hardy,70
214,Teri Bond,51
215,Tanisha Gonzalez,45
216,Luc Rich,41
217,Ziggy Calhoun,61
218,Dexter Floyd,42
219,Qasim Vaughn,27
220,Dotty Shelton,70
221,Jak Glover,25
222,Poppy Rocha,44
223,Bentley Contreras,75
224,Kaydan Stone,65
225,Amalia Hutchinson,47
226,Reagan O'Gallagher,73
227,Julien Hope,24
228,Lennox Nicholls,75
229,Esmai Villegas,33
230,Russell Rosario,58
231,Mae Tucker,45
232,Ibraheem Butt,37
233,Abigayle Thomson,76
234,Wojciech Whitehead,49
235,Daria Wilder,41
236,Kelvin Ratcliffe,74
237,Gia Valencia,36
238,Kaisha Sinclair,55
239,Habiba Gallegos,33
240,Jada Pemberton,31
241,Nour Garza,56
242,Maiya Cannon,29
243,Taran Salinas,28
244,Lawrence Haigh,30
245,Georgina Sheppard,66
246,Mikey Brewer,29
247,Saffron Sparks,54
248,Zofia Barron,56
249,Bella Rhodes,28
250,Monika Hogg,48
251,Kymani Nelson,55
252,Mina Mccann,72
253,Michele Neville,58
254,Niamh Lamb,58
255,Judy Olson,69
256,Don Bright,22
257,Hywel Shannon,46
258,Samirah Flower,48
259,Alfie-Lee Cuevas,22
260,Imaan Barnard,46
261,Fatimah Flynn,48
262,Kay Mckay,63
263,Madelaine Buchanan,45
264,Zeeshan Clegg,28
265,Ellena Barnett,57
266,Eliott Matthews,76
267,Aliya Byers,75
268,Abbigail Hogan,25
269,Theodor Harmon,46
270,Lexi-May Mackie,61
271,Meghan Mcgee,45
272,Josef Porter,80
273,Ella-Mai Foster,40
274,Sarah-Jayne Cortez,34
275,Kasper Dotson,58
276,Shane Harper,31
277,Sade Houston,72
278,Caprice Hansen,50
279,Kaiden Gould,28
280,Rio Lowe,27
281,Tahmina Findlay,26
282,Oran Perkins,49
283,Veronica Kumar,62
284,Walter Sheehan,27
285,Daisy-Mae Paul,72
286,Aniqa Stanton,63
287,Jasper Mayo,69
288,Gianni Dunne,56
289,Carlos Cisneros,33
290,Trixie Lopez,22
291,Randy Ratliff,34
292,Habibah O'Connor,23
293,Ricardo Holmes,46
294,Ruby-May Churchill,67
295,Edwin Randolph,47
296,Stanley Sharpe,31
297,Anum Simon,42
298,Huw Burrows,39
299,Kimora Valenzuela,40
300,Junior Gilmore,69
301,Dominic Charlton,71
302,Saeed Owens,64
303,Wade Hebert,61
304,Willis Watson,37
305,Tiya Day,75
306,Shayla Sykes,58
307,Ellie-Rose Ridley,32
308,Kelly Hollis,21
309,Khushi Downs,75
310,Izabelle Cano,67
311,James Pennington,73
312,Angelo Rojas,47
313,Alastair Gilmour,77
314,Lucie Snyder,45
315,Kelsea Daniels,20
316,Chardonnay Salas,79
317,Herman Hume,26
318,Danniella Broadhurst,78
319,Tyrese Zavala,33
320,Eva Milne,69
321,Betsy Chen,23
322,Yasmin Sutton,77
323,Iain Knott,31
324,Matilda Washington,43
325,Amiya Mcgill,47
326,Kiah Frank,28
327,Estelle Brady,35
328,Alessia Travers,50
329,Kian Rodgers,51
330,Carrie Wiley,79
331,Ellie Patrick,73
332,Joel Solomon,60
333,Holly Mccallum,68
334,Nikola Brandt,39
335,Cherise Lam,27
336,Rubie Robson,54
337,Alaya Mclaughlin,31
338,Antonia Mathis,53
339,Terri Sumner,72
340,Rafi Draper,37
341,Keanan Penn,27
342,Arissa Tyler,76
343,Hunter Snow,80
344,Paris O'Gallagher,34
345,Raja Justice,62
346,Marlie Peel,74
347,Finnian Craig,44
348,Efa Yang,47
349,Kier Bolton,23
350,Albi Chandler,67
351,Eboni Deleon,33
352,Elly Valenzuela,44
353,Lilia Monroe,35
354,Ahsan Acosta,57
355,Angus Pace,60
356,Kendrick Mcknight,57
357,Ainsley Carlson,41
358,Effie Ortega,34
359,Elsie-May Chaney,56
360,Kajus Knapp,40
361,Cleo Mckinney,79
362,Kain Estrada,69
363,Adnan Osborn,31
364,Glen Mills,31
365,Nikita Raymond,38
366,Barry Soto,57
367,Lorenzo Cornish,67
368,Teigan Ellis,49
369,Joseph Crossley,51
370,Jason Small,67
371,Verity Blevins,50
372,Fiona Orr,48
373,Kirk Macgregor,67
374,Asiyah Baker,32
375,Leyla Key,44
376,Jez Shaw,34
377,Kory Chadwick,73
378,Stephen Luna,48
379,Waleed Tate,62
380,Coen Needham,26
381,Daisie Rodrigues,77
382,Aliya Puckett,75
383,Luqman Erickson,59
384,Corrie Byrne,56
385,Usman Bevan,34
386,Esmai Santiago,41
387,Dhruv Oakley,53
388,Brandi English,66
389,Rodrigo Garner,22
390,Mila Derrick,25
391,Bethaney Poole,28
392,Jaskaran Reeves,33
393,Jaya Frost,22
394,Kara Fuentes,20
395,Kole Burn,31
396,Lindsay Villa,34
397,Hussein Byers,76
398,Maaria Walton,76
399,Lilly-May Kirk,73
400,Bjorn Callaghan,20
401,Romany Mercer,22
402,Shane Mueller,24
403,Pierre Becker,76
404,Samirah Mckee,28
405,Sheikh Decker,31
406,Arissa Haley,25
407,Billie Greer,62
408,Polly Kemp,46
409,Arandeep Hodge,74
410,Joel Ireland,44
411,Leticia Richards,78
412,Shanna Dawe,46
413,Lorcan Gilmour,47
414,Kaleb Mccullough,78
415,Alister Weeks,72
416,Alfie Todd,61
417,Emerson Ashley,60
418,Fiza Cortez,27
419,Suranne Russo,35
420,Jethro Irving,51
421,Yasir Allman,50
422,Francisco Bryant,58
423,Nida Wallis,68
424,Tyler-Jay Johnston,73
425,Jonathan Flowers,60
426,Gabija Barton,50
427,Keeva Gutierrez,76
428,Domas Norman,35
429,Taine Beasley,52
430,Zain Hackett,71
431,Carolyn Reyna,66
432,Haris Rhodes,75
433,Alyx Schmidt,79
434,Aniya Lang,71
435,Leen Holman,59
436,Lenny Brett,78
437,Christos Walsh,52
438,Korban Branch,26
439,Charley Hirst,53
440,Bertram Yang,63
441,Soren Tait,54
442,Hadiqa Robinson,36
443,Dione Manning,34
444,Briony Simons,66
445,Francis Doyle,30
446,Alara Sears,52
447,Bjorn Davila,41
448,Nell West,35
449,Gertrude Nixon,79
450,Zaina Storey,37
451,Arbaaz Weaver,73
452,Johnathan Walters,70
453,Alisa Wilson,38
454,Nyah Kenny,33
455,Tahmina Buxton,63
456,Akshay Reynolds,75
457,Leroy Lindsey,61
458,Mujtaba Mcneil,27
459,Patrik Metcalfe,33
460,Mekhi Betts,64
461,Mikolaj O'Connor,51
462,Karter Kelly,75
463,Jameel Roche,64
464,Thiago Simon,34
465,Rudy Salgado,63
466,Suleman Zhang,75
467,Klara Stott,26
468,Aria Fitzgerald,22
469,Margo Churchill,61
470,Kwame Mccarty,23
471,Jana Whiteley,36
472,Nathanial Lambert,64
473,Ellie-Mai Henson,64
474,Haidar Thomson,66
475,Indigo Anderson,20
476,Naomi Bush,80
477,Ellie-Rose Patterson,77
478,Rebekka Heaton,63
479,Iestyn Clegg,42
480,Annaliese Laing,47
481,Tala Ventura,76
482,Lewys Garner,20
483,Colette Kinney,78
484,Idrees Shields,46
485,Kurt Rosario,33
486,Katrina Tucker,69
487,Mikael Chase,24
488,Hari Gates,42
489,Amrit Burke,60
490,Robin Tomlinson,76
491,Lowri Parra,49
492,Abbi Peters,44
493,Connar Farrington,37
494,Ruby-Mae Spears,80
495,August Keith,56
496,Augustus Cordova,65
497,Ariadne Serrano,69
498,Xanthe Brock,57
499,Ahmed Bates,60
500,Sumayya North,44
501,Sakina O'Neill,55
502,Timothy Hulme,40
503,Sama Eaton,28
504,Joely Finnegan,50
505,Ellena Landry,50
506,Alayah Coombes,44
507,Rajan Macdonald,40
508,Haiden Forrest,60
509,Gloria Barton,23
510,Liberty Rosario,33
511,Yvonne Park,21
512,Faraz Cairns,69
513,Varun Whitley,31
514,Nancy Cervantes,78
515,Evie-May Trevino,55
516,Leland Norris,51
517,Keeva Hurley,38
518,Pranav Luna,54
519,Marwah Charlton,31
520,Bruce Corrigan,56
521,Anne-Marie Correa,43
522,Hussain Macfarlane,38
523,Sufyaan Maddox,50
524,Colm Vaughan,29
525,Lilli Patterson,65
526,Tyrese Salas,70
527,Pixie Houghton,75
528,Haseeb Mohammed,27
529,Humphrey Salt,27
530,Mylee Barnard,38
531,Kaydee Mcgill,64
532,Scott Moyer,56
533,Huseyin Parker,22
534,Mikaeel Clements,67
535,Milan Hurst,48
536,Milli Stark,48
537,Darrell Sinclair,70
538,Davey Moon,30
539,Reilly Blair,79
540,Blane Sanford,35
541,Marc Crowther,77
542,Selina Thatcher,71
543,Roma Salgado,64
544,Eric West,24
545,Martha Whittle,41
546,Nojus Alexander,75
547,Trixie Guthrie,53
548,Ava-May Timms,30
549,Archer Rowe,73
550,Christian Cunningham,69
551,Denzel Firth,34
552,Alishia Ayala,78
553,Dwayne Zhang,51
554,Valerie Mcguire,55
555,Jackson Burrows,70
556,Alison Preston,79
557,Nigel Briggs,63
558,Tiya Dawe,34
559,Earl Peck,34
560,Shelbie Mckenna,34
561,Kyron Pruitt,59
562,Oscar Brennan,31
563,Blade Mclean,25
564,Conrad Donaldson,24
565,Nieve Burris,61
566,Pooja Rojas,20
567,Kourtney Franklin,47
568,Gwion Hutchinson,77
569,Leyton Willis,27
570,Aronas Novak,39
571,Krishan Penn,22
572,Alanna Potts,56
573,Shakira Puckett,43
574,Arda Conner,37
575,Olivia-Rose Sierra,20
576,Emeli Needham,44
577,Fiza Marriott,37
578,Kester Mansell,56
579,Laaibah Orozco,44
580,Krish Villalobos,24
581,Syed Bell,27
582,Talha Barajas,75
583,Karl Samuels,44
584,Lyndsey Griffiths,59
585,Jonah Cooper,65
586,Kamile Dominguez,53
587,Alexandros Wilks,73
588,Aayush Kearney,25
589,Safiya White,35
590,Mackenzie Sykes,55
591,Keyaan Salinas,59
592,Paul Shelton,32
593,Asia Conrad,80
594,Atif Magana,56
595,Katerina Whitworth,33
596,Antoinette Jacobs,77
597,Chris Sawyer,30
598,Eden Sparks,29
599,Hallie Morin,63
600,Vijay Robson,29
601,Ashton Boone,29
602,Michele Haynes,58
603,Anand Townsend,66
604,Imaani Hull,58
605,Everly Grainger,55
606,Kiyan Buckner,47
607,Maxim Hills,66
608,Suranne Firth,49
609,Jacob Cross,59
610,Janine Arnold,21
611,Domonic Castillo,22
612,Neo Higgs,50
613,Chloe-Ann Ewing,54
614,Cherry Horner,31
615,Terri Rowe,68
616,Daryl Keller,80
617,Iga Sheldon,65
618,Charlene Barr,23
619,Jemma Lester,28
620,Bilaal Esquivel,44
621,Kristy Mathews,20
622,Margie Ross,72
623,Kaleem Mair,35
624,Paulina Thorne,41
625,Iyla Vega,30
626,Tulisa Simon,46
627,Danniella Lord,80
628,Anabella Guest,50
629,Nada Bourne,63
630,Delores Hood,73
631,Rhianne Perkins,21
632,Danni Vo,27
633,Shakil Horne,54
634,Stacy Irwin,71
635,Fathima Rush,77
636,Antonia Stewart,57
637,Blossom Weston,50
638,Ceara Curran,29
639,Lester Ramirez,32
640,Milly Lim,65
641,Daisy-Mae Finch,76
642,Dewey Alfaro,57
643,Remi Johnson,48
644,Ella-Mai Coombes,73
645,Ahyan Compton,27
646,Mahima Walters,63
647,Kendall Harwood,53
648,Veronica Owens,46
649,Hannah Mcneill,38
650,Chante Mayer,49
651,Asa Miles,78
652,Leen Paine,76
653,Ellena Poole,26
654,Daanish Mcneil,25
655,Joann Juarez,62
656,Nial Lyons,51
657,Kenzo West,35
658,Arron Vargas,23
659,Poppy-Rose Dickson,80
660,Saqlain Mayo,32
661,Henry Deacon,36
662,Sulaiman Phan,68
663,Fred Osborne,57
664,Amira Stephens,48
665,Aaisha Hahn,53
666,Nel Hurley,75
667,Marius Villalobos,76
668,Cobie Burks,67
669,Faiza Quintero,65
670,Lewie Witt,56
671,Abbey Ellis,25
672,Erica Tierney,59
673,Rumaysa Terrell,22
674,Hanna Sandoval,47
675,Tobi Frazier,66
676,Mila-Rose Colon,64
677,Felix Ridley,59
678,Deborah Ali,51
679,Isla-Mae Easton,21
680,Charmaine Melendez,30
681,Zi Wilder,38
682,Roma Pruitt,33
683,Dhruv Simmonds,37
684,Leyton Pickett,54
685,Khadija Pratt,30
686,Samson Bob,44
687,Halimah Hubbard,60
688,Finbar Rich,53
689,Yassin Morris,38
690,Esmai Lugo,41
691,Ellie-May Kline,71
692,Reece Guevara,22
693,Tomasz Walter,20
694,Samina Humphries,25
695,Ria Briggs,27
696,Dexter Needham,63
697,Joni Haigh,73
698,Elijah Millington,50
699,Diesel Davis,62
700,Lizzie Mcgowan,42
701,Caspar Singh,29
702,Kieron Peel,41
703,Rhodri Knott,37
704,Serenity Buchanan,37
705,Aled Hebert,56
706,Joni Mcguire,40
707,Della Firth,49
708,Atticus Burch,46
709,Tea Hahn,60
710,Bea Patel,71
711,Keelan Livingston,74
712,Karina Howe,44
713,Martyna Copeland,51
714,Anaya Worthington,47
715,Tasha Barker,30
716,Greg Stuart,49
717,Paddy Crosby,25
718,Saanvi Thornton,36
719,Siana Wall,75
720,Billie-Jo Pham,54
721,Dania Wheatley,56
722,Dev Rose,51
723,India Alexander,55
724,Siyana Weir,34
725,Vinay Stafford,43
726,Raheel Aguilar,39
727,Phoenix Valencia,43
728,Ignacy Holden,24
729,May Hardin,58
730,Emanuel Dunlap,41
731,Riaan Mills,47
732,Teo Roche,48
733,Elicia Mccabe,45
734,Emily-Rose Torres,30
735,Nela Frey,20
736,Tiya Wilcox,27
737,Kaydan Walters,75
738,Lucca Becker,26
739,Reese Hawes,23
740,Zakary Holland,20
741,Macauley Ochoa,37
742,Mac Reynolds,24
743,Allan Hope,44
744,Hermione Hull,39
745,Jaheim Patrick,41
746,Vivek Redmond,20
747,Fardeen Welsh,79
748,Lilly-Mai Hoover,60
749,Aleisha Martin,65
750,Isla-Rose Frederick,34
751,Mamie Cairns,30
752,Duane Mccormack,60
753,Campbell Chung,72
754,Anya Mullins,21
755,Nate Corbett,36
756,Lauryn Hewitt,50
757,Sanaa Lees,37
758,Phillippa Millar,34
759,Walid Galindo,60
760,Shayne Whyte,35
761,Homer Galloway,73
762,Walter Gregory,24
763,Kallum Potts,60
764,Mohsin Cash,55
765,Phillip Zavala,74
766,Vincent Sampson,29
767,Archie Lucero,76
768,Marwan Lugo,63
769,Kaylem Dodson,62
770,Saim Cano,27
771,Boyd Burns,77
772,Stuart Lane,41
773,Gene Mcghee,20
774,Patience Melendez,38
775,Dale Rivas,44
776,Cienna Simons,55
777,Dina O'Brien,77
778,Asa Baird,26
779,Terence Stokes,25
780,Radhika Ford,42
781,Ellouise Savage,37
782,Santino Cotton,22
783,Ciara Yates,75
784,Faisal Dunlop,24
785,Lyndon O'Moore,44
786,Yasser Wiggins,26
787,Hussain Hernandez,51
788,Anna-Marie Beaumont,30
789,Janice Malone,71
790,Francis Woodley,49
791,Rowena Coffey,76
792,Adam Randolph,64
793,Tierney Orozco,62
794,Jorden Kearney,31
795,Cydney Kendall,41
796,Yousaf Guerrero,70
797,Ophelia Mcculloch,30
798,Alexandra Coombes,48
799,Paolo Lutz,50
800,Tomasz Marshall,71
801,Sahar Stein,24
802,Annabell Goldsmith,56
803,Zakaria Davila,39
804,Nela Joseph,24
805,Meera O'Sullivan,71
806,Kenneth Holding,59
807,Joseph Calderon,39
808,Kaylum Mcfadden,42
809,Zackery Eastwood,22
810,Wilma Davies,20
811,Campbell Brewer,52
812,Cadi Brady,41
813,Kyra Jefferson,41
814,August Pitt,70
815,Amani Gill,25
816,Odin Preece,45
817,Beverly Devlin,22
818,Ellesha Aguirre,52
819,Ellis Silva,32
820,Rehaan Brennan,38
821,Aled Haley,31
822,Stan Sadler,80
823,Alasdair Savage,43
824,Kerri Talbot,58
825,Abbas Finney,60
826,Lola-Mae Hastings,34
827,Maksymilian Schmidt,48
828,Jerome Browne,56
829,Vivien Edmonds,42
830,Theodora Frost,54
831,Wendy Fountain,45
832,Yvette Maddox,64
833,Skylah Callaghan,63
834,Mariah Wall,29
835,Kaylem Carson,67
836,Sumaya Hollis,48
837,Renee Cherry,69
838,Samir Walton,45
839,Rian Mcneil,40
840,Jez Mcgee,40
841,Enoch Leigh,75
842,Rabia Russell,43
843,Saoirse Luna,45
844,Tammy Alford,34
845,Teodor Lyons,61
846,Kamil Lozano,26
847,Lillia Hoffman,37
848,Jemima Drummond,25
849,Raphael Cresswell,77
850,Wilf Chaney,45
851,Hailie Osborn,56
852,Azaan Corona,39
853,Isra Tierney,71
854,Piers Copeland,25
855,Imogen Keenan,57
856,Jamie Coles,37
857,Tye Harrison,38
858,Julius Franklin,71
859,Anastasia Maguire,47
860,Vincenzo Flores,21
861,Rachael Brown,65
862,Khadijah Beech,48
863,Sue Mustafa,73
864,Hattie Roberts,75
865,Zayaan Hurley,29
866,Arian Woodley,69
867,Kristian Bass,35
868,Caitlan Barnard,37
869,Nyle Joyce,33
870,Donte Clegg,57
871,Kaylee Weir,50
872,Pierce Dougherty,34
873,Wilbur Benjamin,40
874,Arielle Padilla,64
875,Leighton Downs,50
876,Lulu Christensen,54
877,Lacie-Mae Hutton,45
878,Bogdan Shelton,72
879,Rihanna Whittle,52
880,Anna Lowry,64
881,Braxton Halliday,41
882,Hanifa Tyson,78
883,Manahil Durham,23
884,Mikayla Bradford,26
885,Rachel Guthrie,23
886,Frida Simmons,45
887,Kendal Dickinson,32
888,Hester Berry,41
889,Sylvie Oconnell,29
890,Wasim Mcnally,38
891,Charleigh Howell,21
892,Zidan O'Connor,79
893,Osian Frame,56
894,Kody Haney,30
895,Sahib Ritter,73
896,Mikolaj House,76
897,Hebe Foster,68
898,Maia Fitzpatrick,78
899,Barry Ellison,22
900,Beauden Sellers,69
901,Charleigh Schaefer,35
902,Ruby-Leigh Werner,48
903,Huseyin Dawson,75
904,Lisa Cantu,29
905,Jasper Kline,58
906,Todd Irving,58
907,Uzair Meyers,70
908,Jerome Haas,53
909,Antoni Barlow,21
910,Hazel Harwood,40
911,Kiki Bull,28
912,Mikaela Fellows,60
913,Raheel Vo,50
914,Tiarna Glenn,78
915,Sahara Mcnamara,51
916,Sophia Bush,52
917,Blessing Gibson,45
918,Umar Patel,57
919,Anayah Sharpe,65
920,Ayaana Soto,49
921,Zunaira Pena,53
922,Lily-Rose Weaver,71
923,Darien Jackson,69
924,Jayde Nieves,76
925,Jax Oconnor,38
926,Garry Acosta,37
927,Cassius Hastings,32
928,Suleman Campbell,53
929,Deborah Marshall,35
930,Habibah Hubbard,27
931,Grace Goodwin,21
932,Nia Santos,47
933,Aleena Quinn,41
934,Albert Snyder,50
935,Lukasz Savage,42
936,Hamaad Armitage,21
937,Jacques Ray,39
938,Lacie Noble,47
939,Zach Gonzales,59
940,Kianna Maxwell,25
941,Aroush Gough,39
942,Fardeen Robles,65
943,Princess Munro,31
944,Aneesha Foley,58
945,Haseeb O'Ryan,25
946,Ernest Weir,60
947,Amman Yoder,69
948,Jawad North,71
949,Ali Finnegan,36
950,Farhaan Shepard,56
951,Harrison Gallegos,72
952,Freyja Cherry,54
953,Maximus Holden,26
954,Esmee Bryan,54
955,Keagan Read,63
956,Hasan Shaw,36
957,Chris Mitchell,77
958,Augustus Bartlett,77
959,Robyn Frank,23
960,Kwabena Wharton,74
961,Verity Callaghan,63
962,Rhyley Wilkinson,39
963,April Wilkes,35
964,Mared Mcclain,53
965,Fahim Cobb,61
966,Mea Fuller,55
967,Anthony White,75
968,Raj Espinoza,55
969,Dione Beard,49
970,Ammarah Novak,45
971,Keisha Lucero,75
972,Patsy Kouma,25
973,Shahzaib Tapia,35
974,Anne Rosales,62
975,Kamran Black,39
976,Raisa Alfaro,24
977,Asmaa Rubio,48
978,Cleo Bravo,52
979,Amie Kaiser,24
980,Talia Stevenson,65
981,Olivia-Grace Moses,48
982,Tania Hardy,26
983,Habib Everett,48
984,Asad Snider,28
985,Humza O'Sullivan,52
986,Gabriel Mair,53
987,Raya Keller,52
988,Omer Roth,20
989,Natasha Justice,75
990,Keith Rangel,78
991,Jenson Brown,72
992,Abbigail Peralta,34
993,Ishika Schmidt,55
994,Reo Guerrero,73
995,Ingrid Floyd,46
996,Penny Emery,33
997,Muneeb Bauer,42
998,Theodor Simons,77
999,Courtnie Gay,73
1000,Jak Rawlings,36
